ngo,region,region_value,community_id_key
ngo_1,region1_ngo1,1,community1
ngo_1,region1_ngo1,1,community2
ngo_1,region2_ngo1,2,community3
ngo_1,region2_ngo1,2,community4
ngo_2,region1_ngo2,3,community5
ngo_2,region1_ngo2,3,community6
ngo_2,region2_ngo2,4,community7
ngo_2,region2_ngo2,4,community8
ngo_3,region1_ngo3,5,community9
ngo_3,region1_ngo3,5,community10
ngo_3,region2_ngo3,6,community11
ngo_3,region2_ngo3,6,community12
ngo_4,region1_ngo4,7,community13
ngo_4,region1_ngo4,7,community14
ngo_4,region2_ngo4,8,community15
ngo_4,region2_ngo4,8,community16
ngo_5,region1_ngo5,9,community17
ngo_5,region1_ngo5,9,community18
ngo_5,region2_ngo5,10,community19
ngo_5,region2_ngo5,10,community20
ngo_6,region1_ngo6,11,community21
ngo_6,region1_ngo6,11,community22
ngo_6,region2_ngo6,12,community23
ngo_6,region2_ngo6,12,community24